StudentID,SchoolID,Season_Year,Test_Date,Mathematics_Score,Mathematics_Met_Growth_Target,Reading_Score,Reading_Met_Growth_Target
10313,123,Fall 2020-2021,2020-09-15,215,Yes,467,Yes
10314,123,Fall 2020-2021,2020-09-15,223,No,203,No
10315,123,Fall 2020-2021,2020-09-15,332,Yes,280,Yes
10316,123,Fall 2020-2021,2020-09-15,493,No,339,No
10317,123,Fall 2020-2021,2020-09-15,500,No,208,No
10318,123,Fall 2020-2021,2020-09-15,226,No,399,No
10319,123,Fall 2020-2021,2020-09-15,221,Yes,311,Yes
10320,123,Fall 2020-2021,2020-09-15,465,Yes,287,Yes
10321,123,Fall 2020-2021,2020-09-15,342,Yes,251,Yes
10323,123,Fall 2020-2021,2020-09-15,428,Yes,243,Yes
10324,123,Fall 2020-2021,2020-09-15,372,No,415,No
10325,123,Fall 2020-2021,2020-09-15,308,No,492,Yes
10337,123,Fall 2020-2021,2020-09-15,423,Yes,332,Yes
10338,123,Fall 2020-2021,2020-09-15,369,No,284,No
10339,123,Fall 2020-2021,2020-09-15,285,No,376,No
10340,123,Fall 2020-2021,2020-09-15,459,No,360,No
10341,123,Fall 2020-2021,2020-09-15,347,Yes,492,Yes
10342,123,Fall 2020-2021,2020-09-15,489,Yes,220,Yes
10343,123,Fall 2020-2021,2020-09-15,372,Yes,494,Yes
10344,123,Fall 2020-2021,2020-09-15,352,Yes,483,Yes
10345,123,Fall 2020-2021,2020-09-15,348,No,404,No
10346,123,Fall 2020-2021,2020-09-15,389,Yes,413,Yes
10347,123,Fall 2020-2021,2020-09-15,327,Yes,201,Yes
10348,123,Fall 2020-2021,2020-09-15,266,Yes,488,Yes
10349,123,Fall 2020-2021,2020-09-15,495,No,342,No
10350,123,Fall 2020-2021,2020-09-15,360,Yes,321,Yes
10351,123,Fall 2020-2021,2020-09-15,416,No,430,No
10352,123,Fall 2020-2021,2020-09-15,367,No,420,No
10353,123,Fall 2020-2021,2020-09-15,492,Yes,220,Yes
10354,123,Fall 2020-2021,2020-09-15,266,No,231,No
10355,123,Fall 2020-2021,2020-09-15,336,No,437,No
10356,123,Fall 2020-2021,2020-09-15,481,Yes,489,Yes
10357,123,Fall 2020-2021,2020-09-15,476,No,252,No
10358,123,Fall 2020-2021,2020-09-15,394,Yes,204,Yes
10359,123,Fall 2020-2021,2020-09-15,285,No,467,No
10360,123,Fall 2020-2021,2020-09-15,247,No,321,No
10361,123,Fall 2020-2021,2020-09-15,363,No,421,No
10362,123,Fall 2020-2021,2020-09-15,385,Yes,247,Yes
10363,123,Fall 2020-2021,2020-09-15,450,Yes,360,Yes
10364,123,Fall 2020-2021,2020-09-15,463,Yes,319,Yes
10365,123,Fall 2020-2021,2020-09-15,428,Yes,331,Yes
10366,123,Fall 2020-2021,2020-09-15,320,No,372,No
10367,123,Fall 2020-2021,2020-09-15,310,Yes,294,Yes
10368,123,Fall 2020-2021,2020-09-15,373,Yes,354,Yes
10369,123,Fall 2020-2021,2020-09-15,226,Yes,223,Yes
10370,123,Fall 2020-2021,2020-09-15,280,No,345,No
10371,123,Fall 2020-2021,2020-09-15,493,Yes,230,Yes
10372,123,Fall 2020-2021,2020-09-15,276,No,362,No
10373,123,Fall 2020-2021,2020-09-15,366,No,381,No
10374,123,Fall 2020-2021,2020-09-15,403,Yes,433,Yes
10375,123,Fall 2020-2021,2020-09-15,272,No,259,No
10376,123,Fall 2020-2021,2020-09-15,356,Yes,295,Yes
10377,123,Fall 2020-2021,2020-09-15,333,No,241,No
10378,123,Fall 2020-2021,2020-09-15,203,Yes,244,Yes
10379,123,Fall 2020-2021,2020-09-15,260,No,312,No
10380,123,Fall 2020-2021,2020-09-15,365,No,348,No
10381,123,Fall 2020-2021,2020-09-15,225,No,394,No
10382,123,Fall 2020-2021,2020-09-15,283,Yes,429,Yes
10384,123,Fall 2020-2021,2020-09-15,467,Yes,386,Yes
10385,123,Fall 2020-2021,2020-09-15,350,Yes,459,Yes
10386,123,Fall 2020-2021,2020-09-15,420,Yes,236,Yes
10387,123,Fall 2020-2021,2020-09-15,427,No,476,No
10389,123,Fall 2020-2021,2020-09-15,309,Yes,492,Yes
10390,123,Fall 2020-2021,2020-09-15,286,Yes,333,Yes
10391,123,Fall 2020-2021,2020-09-15,417,Yes,443,Yes
10392,123,Fall 2020-2021,2020-09-15,454,No,469,No
10393,123,Fall 2020-2021,2020-09-15,271,Yes,455,Yes
10394,123,Fall 2020-2021,2020-09-15,286,No,319,No
10395,123,Fall 2020-2021,2020-09-15,220,No,355,No
10396,123,Fall 2020-2021,2020-09-15,448,Yes,238,Yes
10397,123,Fall 2020-2021,2020-09-15,259,No,275,No
10398,123,Fall 2020-2021,2020-09-15,470,Yes,261,Yes
10399,123,Fall 2020-2021,2020-09-15,255,No,420,No
10401,123,Fall 2020-2021,2020-09-15,327,Yes,215,Yes
10402,123,Fall 2020-2021,2020-09-15,358,No,476,No
10403,123,Fall 2020-2021,2020-09-15,371,No,479,No
10404,123,Fall 2020-2021,2020-09-15,423,No,335,No
10406,123,Fall 2020-2021,2020-09-15,308,Yes,438,Yes
10407,123,Fall 2020-2021,2020-09-15,272,Unknown,445,Unknown
10408,123,Fall 2020-2021,2020-09-15,317,Yes,324,Yes
10410,123,Fall 2020-2021,2020-09-15,460,Yes,436,Yes
10411,123,Fall 2020-2021,2020-09-15,497,No,400,No
10412,123,Fall 2020-2021,2020-09-15,339,Yes,305,Yes
10413,123,Fall 2020-2021,2020-09-15,471,Yes,296,Yes
10414,123,Fall 2020-2021,2020-09-15,402,Yes,316,Yes
10415,123,Fall 2020-2021,2020-09-15,330,No,435,No
10416,123,Fall 2020-2021,2020-09-15,482,Yes,490,Yes
10417,123,Fall 2020-2021,2020-09-15,227,No,300,No
10418,123,Fall 2020-2021,2020-09-15,480,No,480,No
10419,123,Fall 2020-2021,2020-09-15,476,Yes,284,Yes
10422,123,Fall 2020-2021,2020-09-15,233,No,297,No
10423,123,Fall 2020-2021,2020-09-15,252,Yes,492,Yes
10424,123,Fall 2020-2021,2020-09-15,219,No,352,No
10425,123,Fall 2020-2021,2020-09-15,220,Yes,460,Yes
10426,123,Fall 2020-2021,2020-09-15,481,No,453,No
10428,123,Fall 2020-2021,2020-09-15,465,No,237,No
10429,123,Fall 2020-2021,2020-09-15,380,No,361,No
10430,123,Fall 2020-2021,2020-09-15,477,Yes,257,Yes
10431,123,Fall 2020-2021,2020-09-15,395,Yes,430,Yes
10431,9871,Fall 2020-2021,2020-09-22,395,Yes,430,Yes
10432,9871,Fall 2020-2021,2020-09-22,285,Yes,500,Yes
10433,9871,Fall 2020-2021,2020-09-22,283,Yes,262,Yes
10434,9871,Fall 2020-2021,2020-09-22,439,No,270,No
10435,9871,Fall 2020-2021,2020-09-22,382,Yes,389,Yes
10436,9871,Fall 2020-2021,2020-09-22,217,Yes,234,Yes
10437,9871,Fall 2020-2021,2020-09-22,439,Yes,359,Yes
10438,9871,Fall 2020-2021,2020-09-22,417,No,324,No
10439,9871,Fall 2020-2021,2020-09-22,346,Yes,467,Yes
10440,9871,Fall 2020-2021,2020-09-22,487,No,359,No
10441,9871,Fall 2020-2021,2020-09-22,374,No,390,No
10442,9871,Fall 2020-2021,2020-09-22,337,Yes,458,Yes
10443,9871,Fall 2020-2021,2020-09-22,208,No,328,No
10444,9871,Fall 2020-2021,2020-09-22,435,Yes,472,Yes
10445,9871,Fall 2020-2021,2020-09-22,245,No,446,No
10446,9871,Fall 2020-2021,2020-09-22,398,Yes,274,Yes
10447,9871,Fall 2020-2021,2020-09-22,373,No,207,No
10448,9871,Fall 2020-2021,2020-09-22,301,No,366,No
10449,9871,Fall 2020-2021,2020-09-22,319,No,466,No
10450,9871,Fall 2020-2021,2020-09-22,246,Yes,290,Yes
10451,9871,Fall 2020-2021,2020-09-22,220,Yes,486,Yes
10452,9871,Fall 2020-2021,2020-09-22,459,Yes,435,Yes
10453,9871,Fall 2020-2021,2020-09-22,419,Yes,454,Yes
10454,9871,Fall 2020-2021,2020-09-22,234,No,418,No
10456,9871,Fall 2020-2021,2020-09-22,265,Yes,390,Yes
10458,9871,Fall 2020-2021,2020-09-22,464,Yes,374,Yes
10459,9871,Fall 2020-2021,2020-09-22,261,Yes,229,Yes
10460,9871,Fall 2020-2021,2020-09-22,355,No,250,No
10461,9871,Fall 2020-2021,2020-09-22,227,Yes,377,Yes
10462,9871,Fall 2020-2021,2020-09-22,352,No,204,No
10463,9871,Fall 2020-2021,2020-09-22,215,No,232,No
10464,9871,Fall 2020-2021,2020-09-22,231,Yes,441,Yes
2239664255,6789,Fall 2020-2021,2020-10-13,315,No,391,No
2650023533,6789,Fall 2020-2021,2020-10-13,221,No,465,No
344193484,6789,Fall 2020-2021,2020-10-13,273,No,469,No
4716164342,6789,Fall 2020-2021,2020-10-13,208,Yes,342,Yes
3506382949,6789,Fall 2020-2021,2020-10-13,223,Unknown,248,Unknown
8574797805,6789,Fall 2020-2021,2020-10-13,320,Yes,378,Yes
3701316756,6789,Fall 2020-2021,2020-10-13,239,Yes,465,Yes
6214190681,6789,Fall 2020-2021,2020-10-13,341,No,382,No
7375670549,6789,Fall 2020-2021,2020-10-13,361,Yes,296,Yes
5698036464,6789,Fall 2020-2021,2020-10-13,469,Yes,341,Yes
4773697868,6789,Fall 2020-2021,2020-10-13,409,Yes,321,Yes
1357555472,6789,Fall 2020-2021,2020-10-13,478,No,446,No
4785762524,6789,Fall 2020-2021,2020-10-13,450,Yes,275,Yes
5826647744,6789,Fall 2020-2021,2020-10-13,276,No,469,No
9399859196,6789,Fall 2020-2021,2020-10-13,427,No,449,No
6099783344,6789,Fall 2020-2021,2020-10-13,277,Yes,402,Yes
4933994695,6789,Fall 2020-2021,2020-10-13,228,No,254,No
8610854055,6789,Fall 2020-2021,2020-10-13,344,Yes,245,Yes
1900097065,6789,Fall 2020-2021,2020-10-13,432,No,496,No
2980911060,6789,Fall 2020-2021,2020-10-13,287,Yes,263,Yes
1595784641,6789,Fall 2020-2021,2020-10-13,216,No,206,No
9338847254,6789,Fall 2020-2021,2020-10-13,404,No,398,No
4088843875,6789,Fall 2020-2021,2020-10-13,304,No,261,No
3911322178,6789,Fall 2020-2021,2020-10-13,372,Yes,287,Yes
7869449224,6789,Fall 2020-2021,2020-10-13,231,Yes,492,Yes
3020511831,6789,Fall 2020-2021,2020-10-13,370,Yes,484,Yes
5077260513,6789,Fall 2020-2021,2020-10-13,282,Yes,391,Yes
8889698069,6789,Fall 2020-2021,2020-10-13,418,No,486,No
5725522297,6789,Fall 2020-2021,2020-10-13,423,Yes,301,Yes
5532166522,6789,Fall 2020-2021,2020-10-13,446,Yes,279,Yes
1259538432,6789,Fall 2020-2021,2020-10-13,437,Yes,342,Yes
3833965104,6789,Fall 2020-2021,2020-10-13,469,No,429,No
6679990758,6789,Fall 2020-2021,2020-10-13,357,Unknown,200,Unknown
3539411716,6789,Fall 2020-2021,2020-10-13,326,No,417,No
5483363661,6789,Fall 2020-2021,2020-10-13,497,No,215,No
7680870912,6789,Fall 2020-2021,2020-10-13,274,Yes,235,Yes
7090872242,6789,Fall 2020-2021,2020-10-13,214,No,427,No
3311877846,6789,Fall 2020-2021,2020-10-13,322,Yes,212,Yes
2574610685,6789,Fall 2020-2021,2020-10-13,299,No,328,No
1344140837,6789,Fall 2020-2021,2020-10-13,218,Yes,498,Yes
7596468416,6789,Fall 2020-2021,2020-10-13,296,No,356,No
8714683824,6789,Fall 2020-2021,2020-10-13,419,No,235,No
6830416147,6789,Fall 2020-2021,2020-10-13,317,No,381,No
3154220985,6789,Fall 2020-2021,2020-10-13,241,Yes,336,Yes
5104366088,6789,Fall 2020-2021,2020-10-13,456,Yes,249,Yes
8297871133,6789,Fall 2020-2021,2020-10-13,435,Yes,428,Yes
1135787653,6789,Fall 2020-2021,2020-10-13,210,Yes,369,Yes
5927633665,6789,Fall 2020-2021,2020-10-13,393,No,435,No
3405447183,6789,Fall 2020-2021,2020-10-13,203,Yes,448,Yes
9644709274,6789,Fall 2020-2021,2020-10-13,243,Yes,465,Yes
8329724571,6789,Fall 2020-2021,2020-10-13,230,Yes,247,Yes
9428452321,6789,Fall 2020-2021,2020-10-13,346,No,266,No
3797761050,6789,Fall 2020-2021,2020-10-13,337,Yes,304,Yes
5705247777,6789,Fall 2020-2021,2020-10-13,407,No,362,No
5944614002,6789,Fall 2020-2021,2020-10-13,334,No,264,No
4647747405,6789,Fall 2020-2021,2020-10-13,475,Yes,497,Yes
9462145682,6789,Fall 2020-2021,2020-10-13,288,No,338,No
4208733326,6789,Fall 2020-2021,2020-10-13,436,Yes,453,Yes
8381116315,6789,Fall 2020-2021,2020-10-13,318,No,209,No
1469826720,6789,Fall 2020-2021,2020-10-13,403,Yes,317,Yes
9045301905,6789,Fall 2020-2021,2020-10-13,246,No,408,No
7492156843,6789,Fall 2020-2021,2020-10-13,348,No,447,No
6142174436,6789,Fall 2020-2021,2020-10-13,315,Unknown,500,Unknown
7981627806,6789,Fall 2020-2021,2020-10-13,463,Yes,410,Yes
2861279012,6789,Fall 2020-2021,2020-10-13,356,Yes,319,Yes
2700701657,6789,Fall 2020-2021,2020-10-13,329,Yes,493,Yes
8216229284,6789,Fall 2020-2021,2020-10-13,293,Yes,275,Yes
2330774137,6789,Fall 2020-2021,2020-10-13,396,No,421,No
4085617228,6789,Fall 2020-2021,2020-10-13,280,Yes,453,Yes
5833539458,6789,Fall 2020-2021,2020-10-13,488,Yes,469,Yes
8136603980,6789,Fall 2020-2021,2020-10-13,249,Yes,394,Yes
7708109259,6789,Fall 2020-2021,2020-10-13,285,No,324,No
6476610213,6789,Fall 2020-2021,2020-10-13,270,Yes,461,Yes
2762890034,6789,Fall 2020-2021,2020-10-13,490,No,402,No
1042672720,6789,Fall 2020-2021,2020-10-13,210,No,228,No
7133910195,6789,Fall 2020-2021,2020-10-13,305,Yes,433,Yes
8336355980,6789,Fall 2020-2021,2020-10-13,317,No,273,No
9330816266,6789,Fall 2020-2021,2020-10-13,222,Yes,380,Yes
6322707532,6789,Fall 2020-2021,2020-10-13,353,No,266,No
6477926071,6789,Fall 2020-2021,2020-10-13,248,Yes,332,Yes
7149201282,6789,Fall 2020-2021,2020-10-13,330,No,279,No
3641655307,6789,Fall 2020-2021,2020-10-13,426,No,493,No
1456858523,6789,Fall 2020-2021,2020-10-13,360,No,428,No
6001278738,6789,Fall 2020-2021,2020-10-13,400,Yes,316,Yes
2441170065,6789,Fall 2020-2021,2020-10-13,272,Yes,220,Yes
8194328252,6789,Fall 2020-2021,2020-10-13,462,Yes,438,Yes
3160273155,6789,Fall 2020-2021,2020-10-13,485,Yes,435,Yes
7501698458,6789,Fall 2020-2021,2020-10-13,336,No,475,No
6836753976,6789,Fall 2020-2021,2020-10-13,260,Yes,222,Yes
6085272817,6789,Fall 2020-2021,2020-10-13,425,Unknown,468,Unknown
6854934264,6789,Fall 2020-2021,2020-10-13,464,Yes,429,Yes
5622098807,6789,Fall 2020-2021,2020-10-13,379,No,330,No
5183021374,6789,Fall 2020-2021,2020-10-13,346,Yes,466,Yes
15470,432,Fall 2020-2021,2020-09-15,215,Yes,467,Yes
15471,432,Fall 2020-2021,2020-09-15,223,No,203,No
15473,432,Fall 2020-2021,2020-09-15,332,Yes,280,Yes
15474,432,Fall 2020-2021,2020-09-15,493,No,339,No
15476,432,Fall 2020-2021,2020-09-15,500,No,208,No
15477,432,Fall 2020-2021,2020-09-15,226,No,399,No
15479,432,Fall 2020-2021,2020-09-15,221,Yes,311,Yes
15480,432,Fall 2020-2021,2020-09-15,465,Yes,287,Yes
15482,432,Fall 2020-2021,2020-09-15,342,Yes,251,Yes
15485,432,Fall 2020-2021,2020-09-15,428,Yes,243,Yes
15486,432,Fall 2020-2021,2020-09-15,372,No,415,No
15488,432,Fall 2020-2021,2020-09-15,308,No,492,Yes
15506,432,Fall 2020-2021,2020-09-15,423,Yes,332,Yes
15507,432,Fall 2020-2021,2020-09-15,369,No,284,No
15509,432,Fall 2020-2021,2020-09-15,285,No,376,No
15510,432,Fall 2020-2021,2020-09-15,459,No,360,No
15512,432,Fall 2020-2021,2020-09-15,347,Yes,492,Yes
15513,432,Fall 2020-2021,2020-09-15,489,Yes,220,Yes
15515,432,Fall 2020-2021,2020-09-15,372,Yes,494,Yes
15516,432,Fall 2020-2021,2020-09-15,352,Yes,483,Yes
15518,432,Fall 2020-2021,2020-09-15,348,No,404,No
15519,432,Fall 2020-2021,2020-09-15,389,Yes,413,Yes
15521,432,Fall 2020-2021,2020-09-15,327,Yes,201,Yes
15522,432,Fall 2020-2021,2020-09-15,266,Yes,488,Yes
15524,432,Fall 2020-2021,2020-09-15,495,No,342,No
15525,432,Fall 2020-2021,2020-09-15,360,Yes,321,Yes
15527,432,Fall 2020-2021,2020-09-15,416,No,430,No
15528,432,Fall 2020-2021,2020-09-15,367,No,420,No
15530,432,Fall 2020-2021,2020-09-15,492,Yes,220,Yes
15531,432,Fall 2020-2021,2020-09-15,266,No,231,No
15533,432,Fall 2020-2021,2020-09-15,336,No,437,No
15534,432,Fall 2020-2021,2020-09-15,481,Yes,489,Yes
15536,432,Fall 2020-2021,2020-09-15,476,No,252,No
15537,432,Fall 2020-2021,2020-09-15,394,Yes,204,Yes
15539,432,Fall 2020-2021,2020-09-15,285,No,467,No
15540,432,Fall 2020-2021,2020-09-15,247,No,321,No
15542,432,Fall 2020-2021,2020-09-15,363,No,421,No
15543,432,Fall 2020-2021,2020-09-15,385,Yes,247,Yes
15545,432,Fall 2020-2021,2020-09-15,450,Yes,360,Yes
15546,432,Fall 2020-2021,2020-09-15,463,Yes,319,Yes
15548,432,Fall 2020-2021,2020-09-15,428,Yes,331,Yes
15549,432,Fall 2020-2021,2020-09-15,320,No,372,No
15551,432,Fall 2020-2021,2020-09-15,310,Yes,294,Yes
15552,432,Fall 2020-2021,2020-09-15,373,Yes,354,Yes
15554,432,Fall 2020-2021,2020-09-15,226,Yes,223,Yes
15555,432,Fall 2020-2021,2020-09-15,280,No,345,No
15557,432,Fall 2020-2021,2020-09-15,493,Yes,230,Yes
15558,432,Fall 2020-2021,2020-09-15,276,No,362,No
15560,432,Fall 2020-2021,2020-09-15,366,No,381,No
15561,432,Fall 2020-2021,2020-09-15,403,Yes,433,Yes
15563,432,Fall 2020-2021,2020-09-15,272,No,259,No
15564,432,Fall 2020-2021,2020-09-15,356,Yes,295,Yes
15566,432,Fall 2020-2021,2020-09-15,333,No,241,No
15567,432,Fall 2020-2021,2020-09-15,203,Yes,244,Yes
15569,432,Fall 2020-2021,2020-09-15,260,No,312,No
15570,432,Fall 2020-2021,2020-09-15,,No,,No
15572,432,Fall 2020-2021,2020-09-15,225,No,394,No
15573,432,Fall 2020-2021,2020-09-15,283,Yes,429,Yes
15576,432,Fall 2020-2021,2020-09-15,467,Yes,386,Yes
15578,432,Fall 2020-2021,2020-09-15,350,Yes,459,Yes
15579,432,Fall 2020-2021,2020-09-15,420,Yes,236,Yes
15581,432,Fall 2020-2021,2020-09-15,427,No,476,No
15584,432,Fall 2020-2021,2020-09-15,309,Yes,492,Yes
15585,432,Fall 2020-2021,2020-09-15,286,Yes,333,Yes
15587,432,Fall 2020-2021,2020-09-15,417,Yes,443,Yes
15588,432,Fall 2020-2021,2020-09-15,454,No,469,No
15590,432,Fall 2020-2021,2020-09-15,271,Yes,455,Yes
15591,432,Fall 2020-2021,2020-09-15,286,No,319,No
15593,432,Fall 2020-2021,2020-09-15,220,No,355,No
15594,432,Fall 2020-2021,2020-09-15,448,Yes,238,Yes
15596,432,Fall 2020-2021,2020-09-15,259,No,275,No
15597,432,Fall 2020-2021,2020-09-15,470,Yes,261,Yes
15599,432,Fall 2020-2021,2020-09-15,255,No,420,No
15602,432,Fall 2020-2021,2020-09-15,327,Yes,215,Yes
15603,432,Fall 2020-2021,2020-09-15,358,No,476,No
15605,432,Fall 2020-2021,2020-09-15,371,No,479,No
15606,432,Fall 2020-2021,2020-09-15,423,No,335,No
15609,432,Fall 2020-2021,2020-09-15,308,Yes,438,Yes
15611,432,Fall 2020-2021,2020-09-15,,Unknown,,Unknown
15612,432,Fall 2020-2021,2020-09-15,317,Yes,324,Yes
15615,432,Fall 2020-2021,2020-09-15,460,Yes,436,Yes
15617,432,Fall 2020-2021,2020-09-15,497,No,400,No
15618,432,Fall 2020-2021,2020-09-15,339,Yes,305,Yes
15620,432,Fall 2020-2021,2020-09-15,471,Yes,296,Yes
15621,432,Fall 2020-2021,2020-09-15,402,Yes,316,Yes
15623,432,Fall 2020-2021,2020-09-15,330,No,435,No
15624,432,Fall 2020-2021,2020-09-15,482,Yes,490,Yes
15626,432,Fall 2020-2021,2020-09-15,,No,,No
15627,432,Fall 2020-2021,2020-09-15,480,No,480,No
15629,432,Fall 2020-2021,2020-09-15,476,Yes,284,Yes
15633,432,Fall 2020-2021,2020-09-15,233,No,297,No
15635,432,Fall 2020-2021,2020-09-15,252,Yes,492,Yes
15636,432,Fall 2020-2021,2020-09-15,219,No,352,No
15638,432,Fall 2020-2021,2020-09-15,220,Yes,460,Yes
15639,432,Fall 2020-2021,2020-09-15,481,No,453,No
15642,432,Fall 2020-2021,2020-09-15,465,No,237,No
15644,432,Fall 2020-2021,2020-09-15,380,No,361,No
15645,432,Fall 2020-2021,2020-09-15,477,Yes,257,Yes
15647,432,Fall 2020-2021,2020-09-15,395,Yes,430,Yes
18563,11111,Fall 2020-2021,2020-10-05,215,Yes,467,Yes
18565,11111,Fall 2020-2021,2020-10-05,223,No,203,No
18567,11111,Fall 2020-2021,2020-10-05,332,Yes,280,Yes
18569,11111,Fall 2020-2021,2020-10-05,493,No,339,No
18571,11111,Fall 2020-2021,2020-10-05,500,No,208,No
18572,11111,Fall 2020-2021,2020-10-05,226,No,399,No
18574,11111,Fall 2020-2021,2020-10-05,221,Yes,311,Yes
18576,11111,Fall 2020-2021,2020-10-05,465,Yes,287,Yes
18578,11111,Fall 2020-2021,2020-10-05,342,Yes,251,Yes
18581,11111,Fall 2020-2021,2020-10-05,428,Yes,243,Yes
18583,11111,Fall 2020-2021,2020-10-05,372,No,415,No
18585,11111,Fall 2020-2021,2020-10-05,308,No,492,Yes
18607,11111,Fall 2020-2021,2020-10-05,423,Yes,332,Yes
18608,11111,Fall 2020-2021,2020-10-05,369,No,284,No
18610,11111,Fall 2020-2021,2020-10-05,285,No,376,No
18612,11111,Fall 2020-2021,2020-10-05,459,No,360,No
18614,11111,Fall 2020-2021,2020-10-05,347,Yes,492,Yes
18616,11111,Fall 2020-2021,2020-10-05,489,Yes,220,Yes
18617,11111,Fall 2020-2021,2020-10-05,372,Yes,494,Yes
18619,11111,Fall 2020-2021,2020-10-05,352,Yes,483,Yes
18621,11111,Fall 2020-2021,2020-10-05,348,No,404,No
18623,11111,Fall 2020-2021,2020-10-05,389,Yes,413,Yes
18625,11111,Fall 2020-2021,2020-10-05,327,Yes,201,Yes
18626,11111,Fall 2020-2021,2020-10-05,266,Yes,488,Yes
18628,11111,Fall 2020-2021,2020-10-05,495,No,342,No
18630,11111,Fall 2020-2021,2020-10-05,360,Yes,321,Yes
18632,11111,Fall 2020-2021,2020-10-05,416,No,430,No
18634,11111,Fall 2020-2021,2020-10-05,367,No,420,No
18635,11111,Fall 2020-2021,2020-10-05,492,Yes,220,Yes
18637,11111,Fall 2020-2021,2020-10-05,266,No,231,No
18639,11111,Fall 2020-2021,2020-10-05,336,No,437,No
18641,11111,Fall 2020-2021,2020-10-05,481,Yes,489,Yes
18643,11111,Fall 2020-2021,2020-10-05,476,No,252,No
18644,11111,Fall 2020-2021,2020-10-05,394,Yes,204,Yes
18646,11111,Fall 2020-2021,2020-10-05,285,No,467,No
18648,11111,Fall 2020-2021,2020-10-05,247,No,321,No
18650,11111,Fall 2020-2021,2020-10-05,363,No,421,No
18652,11111,Fall 2020-2021,2020-10-05,385,Yes,247,Yes
18653,11111,Fall 2020-2021,2020-10-05,450,Yes,360,Yes
18655,11111,Fall 2020-2021,2020-10-05,463,Yes,319,Yes
18657,11111,Fall 2020-2021,2020-10-05,428,Yes,331,Yes
18659,11111,Fall 2020-2021,2020-10-05,320,No,372,No
18661,11111,Fall 2020-2021,2020-10-05,310,Yes,294,Yes
18662,11111,Fall 2020-2021,2020-10-05,373,Yes,354,Yes
18664,11111,Fall 2020-2021,2020-10-05,226,Yes,223,Yes
18666,11111,Fall 2020-2021,2020-10-05,280,No,345,No
18668,11111,Fall 2020-2021,2020-10-05,493,Yes,230,Yes
18670,11111,Fall 2020-2021,2020-10-05,276,No,362,No
18671,11111,Fall 2020-2021,2020-10-05,366,No,381,No
18673,11111,Fall 2020-2021,2020-10-05,403,Yes,433,Yes
18675,11111,Fall 2020-2021,2020-10-05,272,No,259,No
18677,11111,Fall 2020-2021,2020-10-05,356,Yes,295,Yes
18679,11111,Fall 2020-2021,2020-10-05,333,No,241,No
18680,11111,Fall 2020-2021,2020-10-05,203,Yes,244,Yes
18682,11111,Fall 2020-2021,2020-10-05,260,No,312,No
18684,11111,Fall 2020-2021,2020-10-05,365,No,348,No
18686,11111,Fall 2020-2021,2020-10-05,225,No,394,No
18688,11111,Fall 2020-2021,2020-10-05,283,Yes,429,Yes
18691,11111,Fall 2020-2021,2020-10-05,467,Yes,386,Yes
18693,11111,Fall 2020-2021,2020-10-05,350,Yes,459,Yes
18695,11111,Fall 2020-2021,2020-10-05,420,Yes,236,Yes
18697,11111,Fall 2020-2021,2020-10-05,427,No,476,No
18700,11111,Fall 2020-2021,2020-10-05,309,Yes,492,Yes
18702,11111,Fall 2020-2021,2020-10-05,286,Yes,333,Yes
18704,11111,Fall 2020-2021,2020-10-05,417,Yes,443,Yes
18706,11111,Fall 2020-2021,2020-10-05,454,No,469,No
18707,11111,Fall 2020-2021,2020-10-05,271,Yes,455,Yes
18709,11111,Fall 2020-2021,2020-10-05,286,No,319,No
18711,11111,Fall 2020-2021,2020-10-05,220,No,355,No
18713,11111,Fall 2020-2021,2020-10-05,448,Yes,238,Yes
18715,11111,Fall 2020-2021,2020-10-05,259,No,275,No
18716,11111,Fall 2020-2021,2020-10-05,470,Yes,261,Yes
18718,11111,Fall 2020-2021,2020-10-05,255,No,420,No
18722,11111,Fall 2020-2021,2020-10-05,327,Yes,215,Yes
18724,11111,Fall 2020-2021,2020-10-05,358,No,476,No
18725,11111,Fall 2020-2021,2020-10-05,371,No,479,No
18727,11111,Fall 2020-2021,2020-10-05,423,No,335,No
18731,11111,Fall 2020-2021,2020-10-05,308,Yes,438,Yes
18734,11111,Fall 2020-2021,2020-10-05,317,Yes,324,Yes
18738,11111,Fall 2020-2021,2020-10-05,460,Yes,436,Yes
18740,11111,Fall 2020-2021,2020-10-05,497,No,400,No
18742,11111,Fall 2020-2021,2020-10-05,339,Yes,305,Yes
18743,11111,Fall 2020-2021,2020-10-05,471,Yes,296,Yes
18745,11111,Fall 2020-2021,2020-10-05,402,Yes,316,Yes
18747,11111,Fall 2020-2021,2020-10-05,330,No,435,No
18749,11111,Fall 2020-2021,2020-10-05,482,Yes,490,Yes
18751,11111,Fall 2020-2021,2020-10-05,227,No,300,No
18752,11111,Fall 2020-2021,2020-10-05,480,No,480,No
18754,11111,Fall 2020-2021,2020-10-05,476,Yes,284,Yes
18760,11111,Fall 2020-2021,2020-10-05,233,No,297,No
18761,11111,Fall 2020-2021,2020-10-05,252,Yes,492,Yes
18763,11111,Fall 2020-2021,2020-10-05,219,No,352,No
18765,11111,Fall 2020-2021,2020-10-05,220,Yes,460,Yes
18767,11111,Fall 2020-2021,2020-10-05,481,No,453,No
18770,11111,Fall 2020-2021,2020-10-05,465,No,237,No
18772,11111,Fall 2020-2021,2020-10-05,380,No,361,No
18774,11111,Fall 2020-2021,2020-10-05,477,Yes,257,Yes
18776,11111,Fall 2020-2021,2020-10-05,395,Yes,430,Yes
